,Ticker
0,AAON
1,AAPL
2,ACIW
3,ACOR
4,ADBE
5,ADI
6,ADP
7,ADSK
8,ADTN
9,AEIS
10,AKAM
11,ALKS
12,ALNY
13,AMAT
14,AMBA
15,AMCX
16,AMED
17,AMGN
18,AMWD
19,AMZN
20,ANDE
21,ANSS
22,ARCB
23,ASPS
24,ATNI
25,ATVI
26,AVAV
27,AVNW
28,BANF
29,BBBY
30,BGFV
31,BIIB
32,BJRI
33,BLKB
34,BLMN
35,BMRN
36,BOKF
37,BOOM
38,BPOP
39,BRKR
40,BSET
41,BUSE
42,CACC
43,CAKE
44,CALM
45,CAR
46,CASH
47,CASY
48,CATY
49,CBOE
50,CBRL
51,CBSH
52,CCOI
53,CDNS
54,CG
55,CGNX
56,CHDN
57,CHRW
58,CHSCP
59,CHUY
60,CINF
61,CMCSA
62,CME
63,CMPR
64,COHR
65,COKE
66,COLM
67,CONN
68,COST
69,CRAI
70,CROX
71,CRUS
72,CRVL
73,CSCO
74,CSGP
75,CTAS
76,CTRN
77,CTSH
78,CVGW
79,DAKT
80,DCOM
81,DGII
82,DIOD
83,DISH
84,DLTR
85,DMRC
86,DXCM
87,EA
88,ECPG
89,EEFT
90,EGBN
91,ENTG
92,ERIE
93,EWBC
94,EXLS
95,EXPD
96,EXPE
97,EXPO
98,FARM
99,FAST
100,FBNC
101,FCBC
102,FCNCA
103,FFBC
104,FFIV
105,FIBK
106,FISV
107,FITB
108,FIVE
109,FIZZ
110,FLEX
111,FORR
112,FOSL
113,FRGI
114,FRME
115,FRPH
116,FSLR
117,FTNT
118,FULT
119,GBCI
120,GDEN
121,GILD
122,GOOGL
123,GRMN
124,GT
125,HA
126,HAFC
127,HAIN
128,HALO
129,HAS
130,HAYN
131,HBAN
132,HELE
133,HIBB
134,HOLX
135,HSIC
136,HSII
137,HTBI
138,HUBG
139,HURN
140,IBKR
141,IBOC
142,ICFI
143,ICUI
144,IDCC
145,IDXX
146,IEP
147,ILMN
148,IMKTA
149,INBK
150,INCY
151,INDB
152,INFN
153,INTC
154,INTU
155,IOSP
156,IPGP
157,IRBT
158,IRDM
159,ISRG
160,ITRI
161,JACK
162,JAZZ
163,JBHT
164,JBLU
165,JJSF
166,JKHY
167,JOUT
168,KALU
169,KBAL
170,KELYA
171,KFRC
172,KIRK
173,KLAC
174,KTCC
175,LANC
176,LECO
177,LFUS
178,LKQ
179,LOGI
180,LOPE
181,LPLA
182,LRCX
183,LSTR
184,LULU
185,LWAY
186,LXRX
187,MANH
188,MAR
189,MASI
190,MAT
191,MCHP
192,MCRI
193,MDLZ
194,MDRX
195,MELI
196,MERC
197,MGEE
198,MHLD
199,MNRO
200,MOFG
201,MORN
202,MRCY
203,MSEX
204,MSFT
205,MSTR
206,MTEX
207,MU
208,MYGN
209,NATH
210,NATI
211,NATR
212,NBIX
213,NBTB
214,NCMI
215,NDAQ
216,NDSN
217,NEOG
218,NFLX
219,NKTR
220,NSIT
221,NTAP
222,NTCT
223,NTGR
224,NTRS
225,NUAN
226,NUVA
227,NVDA
228,NWBI
229,NXST
230,ODFL
231,OLED
232,ON
233,ONB
234,ORLY
235,OSIS
236,OSTK
237,OTEX
238,OTTR
239,PACW
240,PAYX
241,PCAR
242,PCH
243,PDCO
244,PDFS
245,PEGA
246,PETS
247,PLAB
248,PLCE
249,PLUS
250,PLXS
251,PMD
252,PNFP
253,POWL
254,PPC
255,PRAA
256,PRFT
257,PRIM
258,PSMT
259,PTEN
260,PTSI
261,PZZA
262,QCOM
263,QLYS
264,RAIL
265,RBCAA
266,RCII
267,RCKY
268,REGN
269,RGEN
270,RGLD
271,ROCK
272,ROST
273,RRGB
274,RUTH
275,SAIA
276,SANM
277,SASR
278,SATS
279,SAVE
280,SBGI
281,SBUX
282,SCHL
283,SCHN
284,SEIC
285,SGEN
286,SIGI
287,SIVB
288,SKYW
289,SLAB
290,SMCI
291,SMTC
292,SNPS
293,SP
294,SPTN
295,SPWR
296,SRCL
297,SSNC
298,STLD
299,STX
300,SWKS
301,SYNA
302,TCX
303,TECH
304,THFF
305,TITN
306,TREE
307,TRIP
308,TRMB
309,TROW
310,TRST
311,TSCO
312,TSLA
313,TTEC
314,TTEK
315,TTWO
316,TWIN
317,TXN
318,TXRH
319,UBSI
320,UCBI
321,UFPT
322,ULTA
323,UMBF
324,UMPQ
325,UNFI
326,URBN
327,VECO
328,VIA
329,VIVO
330,VLGEA
331,VRA
332,VRNT
333,VRSK
334,VRSN
335,VRTS
336,VRTX
337,VSAT
338,VSEC
339,WABC
340,WAFD
341,WDC
342,WERN
343,WETF
344,WSBC
345,WSTG
346,WWD
347,WYNN
348,XRAY
349,ZBRA
350,ZEUS
351,ZION
352,ZUMZ
